фвы,belocerkovecden@mail.ru,9888888
фвы,belocerkovecden@mail.ru,9888888
фвы,belocerkovecden@mail.ru,9888888
фвы,belocerkovecden@mail.ru,9888888
фвы,belocerkovecden@mail.ru,9888888
фвы,belocerkovecden@mail.ru,9888888
фвы,belocerkovecden@mail.ru,9888888
фвы,belocerkovecden@mail.ru,9888888
фвы,ghghgh@hgh,+79283048594
Денис,belocerkovecden@mail.ru,9888888
Денис,belocerkovecden@mail.ru,9888888
Денис,belocerkovecden@mail.ru,9888888
фвы,belocerkovecden@mail.ru,
"Кипреев Станислав",ghghgh@hgh,9888888
